Department,AvgProductivity
Customer Support,0.5675717241295716
Engineering,0.5646847216755075
Finance,0.5666654844306218
HR,0.561316048965604
IT,0.5701656041244351
Legal,0.5601303691306285
Marketing,0.5745828936513486
Operations,0.5639807265401837
Sales,0.5724716639376278
